iso,name,show
Abdera,Abdera,1
Abydus,Abydus,1
Abydus(Troas),Abydus (Troas),1
Achaea,Achaea,1
Achaeum,Achaeum,1
Acragas,Acragas,1
Adana,Adana,1
Adramyteion(Mysia),Adramyteion (Mysia),1
Adramyteum(Mysia),Adramyteum (Mysia),1
Aegae,Aegae,1
Aegae(Aeolis),Aegae (Aeolis),1
Aegeae,Aegeae,1
Aegeae?,Aegeae?,1
Aegina,Aegina,0
Aegira,Aegira,1
Aegium,Aegium,1
AeliaCapitolina,Aelia Capitolina,1
AeliaCapitolina?,Aelia Capitolina?,1
Aenus,Aenus,1
Aetolia,Aetolia,1
Aezanis(Phrygia),Aezanis (Phrygia),1
AiKhanoum,Ai Khanoum,1
Aigai(Aiolis),Aigai (Aiolis),1
Aigina,Aigina,1
Aigion(Achaea),Aigion (Achaea),1
Ainianes(Thessaly),Ainianes (Thessaly),1
Akanthos,Akanthos,1
Ake-Ptolemais,Ake-Ptolemais,1
Ake-Ptolemais?,Ake-Ptolemais?,1
Akmoneia(Phrygia),Akmoneia (Phrygia),1
Akrasos(Lydia),Akrasos (Lydia),1
Alabanda(Caria),Alabanda (Caria),1
Aleppo,Aleppo,1
Alexandria,Alexandria,1
Alexandria(Troas),Alexandria (Troas),1
AlexandriaadIssum,Alexandria ad Issum,1
AlexandriaTroas,Alexandria Troas,1
Alexandria?,Alexandria?,1
Alinda(Caria),Alinda (Caria),1
Alyzia,Alyzia,1
Amasia(Pontus),Amasia (Pontus),1
Amastris(Paphlagonia),Amastris (Paphlagonia),1
Ambianum,Ambianum,1
Amiens,Amiens,1
Amisos(Pontos),Amisos (Pontos),1
Amisus,Amisus,1
Amisus(Pontus),Amisus (Pontus),1
Amphipolis,Amphipolis,1
Amyntas(Galatia),Amyntas (Galatia),1
Anazarbus,Anazarbus,1
Anchialos,Anchialos,1
Anchialus,Anchialus,1
Ancyra,Ancyra,1
Ancyra(Galatia),Ancyra (Galatia),1
Ancyra(Phrygia),Ancyra (Phrygia),1
Andros,Andros,1
Anemorion,Anemorion,1
Anemurium,Anemurium,1
Ankyra(Phrygia),Ankyra (Phrygia),1
Antandros,Antandros,1
Antandrus,Antandrus,1
Anthemusia,Anthemusia,1
Anthemusia(Ray,Iran?),Anthemusia (Ray, Iran?),1
Antigonea,Antigonea,1
Antigoneia,Antigoneia,1
Antioch,Antioch,1
Antioch,Antioch ,1
Antioch(Caria),Antioch (Caria),1
Antioch(Caria)?,Antioch (Caria)?,1
Antioch(Pisidia),Antioch (Pisidia),1
Antioch(Pisidia)?,Antioch (Pisidia)?,1
AntiochadMeandrum(Caria),Antioch ad Meandrum (Caria),1
AntiochMaeandrum,Antioch Maeandrum,1
Antioch?,Antioch?,1
AntiochiaadMaeandrum,Antiochia ad Maeandrum,1
Antiphellos(Lycia),Antiphellos (Lycia),1
Apamea,Apamea,1
Apamea?,Apamea?,1
Apameia(Phrygia),Apameia (Phrygia),1
Aphitis,Aphitis,0
Aphrodisias,Aphrodisias,1
Aphytis,Aphytis,1
Apollonia,Apollonia,1
ApolloniaPontica,Apollonia Pontica,1
ApolloniaSalbace,Apollonia Salbace,1
Apollonis(Lydia),Apollonis (Lydia),1
Aptera,Aptera,1
Aquilea,Aquilea,1
Aquileia,Aquileia,1
Aquileia?,Aquileia?,1
Aradus,Aradus,1
Arcadia,Arcadia,0
Arelate,Arelate,1
Argos,Argos,1
Argos(Argolis),Argos (Argolis),1
Arkadia,Arkadia,1
Arles,Arles,1
Arles?,Arles?,1
Arpi,Arpi,1
Arpi(Apulia),Arpi (Apulia),1
Arsamosta(Sophene),Arsamosta (Sophene),1
Arse(Sagunto,Valencia),Arse (Sagunto, Valencia),1
Arsinoe,Arsinoe,1
ArsinoiteNome,Arsinoite Nome,1
Ascalon,Ascalon,1
Ascalon?,Ascalon?,1
Asculum,Asculum,1
Asine,Asine,1
Asopus,Asopus,1
Aspendos,Aspendos,1
Aspendos(Pamphylia),Aspendos (Pamphylia),1
Aspendus(Pamphylia),Aspendus (Pamphylia),1
Assos(Troas),Assos (Troas),1
Atarneus,Atarneus,1
Atarneus(mysia),Atarneus (mysia),1
Athens,Athens,1
Athens/Imbros,Athens/Imbros,1
Athens/Lemnos,Athens/Lemnos,1
Athens/Skyros,Athens/Skyros,1
Atrax(Thessaly),Atrax (Thessaly),1
Atrebates,Atrebates,1
Attaea(Mysia),Attaea (Mysia),1
Attalea(Lydia),Attalea (Lydia),1
Attaleaa(Pamphylia),Attaleaa (Pamphylia),1
Attaleia,Attaleia,1
Attaleia(Pamphylia),Attaleia (Pamphylia),1
Attalia(Pamphylia),Attalia (Pamphylia),1
AugustaTraiana,Augusta Traiana,1
Autokane(Aiolis),Autokane (Aiolis),1
AxumiteKings,Axumite Kings,1
Axus,Axus,1
Babylon,Babylon,1
Bactria,Bactria,1
Bagis(Lydia),Bagis (Lydia),1
Bargasa(Caria),Bargasa (Caria),1
Baris(Pisidia),Baris (Pisidia),1
Beroea,Beroea,1
Bertyus,Bertyus,1
Berytos,Berytos,1
Berytus,Berytus,1
BethShean/Nysa,BethShean/Nysa,1
Bilbilis,Bilbilis,1
Bilbilis(Zaragoza),Bilbilis (Zaragoza),1
Birytus,Birytus,1
Bithynia,Bithynia,1
Bizya,Bizya,1
Blaundus,Blaundus,1
Boea,Boea,1
Boeotia,Boeotia,1
Boetia,Boetia,1
Bolskan(Huesca),Bolskan (Huesca),1
Bostra,Bostra,1
Bottiaia,Bottiaia,1
Boura(Achaea),Boura (Achaea),1
Brettii,Brettii,1
Brundisium,Brundisium,1
Bruttium,Bruttium,1
Buthrotum,Buthrotum,1
Byblus,Byblus,1
Byzantion,Byzantion,1
Byzantium,Byzantium,1
CaesarAugusta(Saragosse),Caesar Augusta (Saragosse),1
CaesarAugusta(Zaragonza),Caesar Augusta (Zaragonza),1
Caesarea,Caesarea,1
CaesareaadLibanum,Caesarea ad Libanum,1
CaesareaMaritima,Caesarea Maritima,1
CaesareaMaritima?,Caesarea Maritima?,1
CaesareaPaneas(Philippi),Caesarea Paneas (Philippi),1
CaesareaPaneas(Phillipi),Caesarea Paneas (Phillipi),1
Caesarea?,Caesarea?,1
Calagurris,Calagurris,1
Calagurris(Calahorra),Calagurris (Calahorra),1
Calagurris(LaRioja),Calagurris (La Rioja),1
Calchedon(Bithynia),Calchedon (Bithynia),1
Callatis,Callatis,1
Campania,Campania,1
Camulodunum,Camulodunum,1
Canata,Canata,1
Canatha,Canatha,1
Canatha(Kanata),Canatha (Kanata),1
Caphyae,Caphyae,1
Caria?,Caria?,1
Carne/Karne,Carne/Karne,1
Carrhae,Carrhae,1
Carrhae?,Carrhae?,1
Carteia,Carteia,1
Carthage,Carthage,1
CarthagoNova,Carthago Nova,1
CarthagoNova(Cartagena),Carthago Nova (Cartagena),1
Castulo,Castulo,1
Castuo,Castuo,1
Catania,Catania,1
Catuvellauni,Catuvellauni,1
Caystriani,Caystriani,1
Celsa,Celsa,1
Chalcedon,Chalcedon,1
Chalcis,Chalcis,1
Chalcis(Galatia),Chalcis (Galatia),1
Chalkis(Euboia),Chalkis (Euboia),1
Characene,Characene,1
Characene(SpasinouCharax),Characene (Spasinou Charax),1
Charax,Charax,1
Chios,Chios,1
Chios(Ionia),Chios (Ionia),1
Cibyra(Phrygia),Cibyra (Phrygia),1
CilbianiInferiores,Cilbiani Inferiores,1
Cirta,Cirta,1
CisalpineCelts,Cisalpine Celts,1
Clazomenae,Clazomenae,1
Clazomenae(Ionia),Clazomenae (Ionia),1
Cleonae,Cleonae,1
Clunia(Burgos),Clunia (Burgos),1
Cnidus,Cnidus,1
Coela,Coela,1
Coela(Chersonese),Coela (Chersonese),1
CoinoftheJews,Coin of the Jews,1
CoinsoftheJews,Coins of the Jews,1
Cologne,Cologne,1
Colone(Messenia?),Colone (Messenia?),1
ColoniaPatricia,Colonia Patricia,1
ColoniaRomula,Colonia Romula,1
Colophon,Colophon,1
Colophon(Ionia),Colophon (Ionia),1
Colybrassos,Colybrassos,1
Colybrassus,Colybrassus,1
Comana(Pontus),Comana (Pontus),1
Commagene,Commagene,1
CommanaPontica,Commana Pontica,1
Conana(Pisidia),Conana (Pisidia),1
Constantinople,Constantinople,1
Constantinople?,Constantinople?,1
Corcyra,Corcyra,1
Corinth,Corinth,1
Corinth(Corinthia),Corinth (Corinthia),1
Corycus,Corycus,1
Cos,Cos,1
Cos(Caria),Cos (Caria),1
Cosa,Cosa,1
Curiosolitae(Brittany),Curiosolitae (Brittany),1
Cyme,Cyme,1
Cyme(aeolis),Cyme (aeolis),1
Cyme(Aeolis),Cyme (Aeolis),1
Cyme(Mysia),Cyme (Mysia),1
Cyparissia,Cyparissia,1
Cyrenaica,Cyrenaica,1
Cyrene,Cyrene,1
Cyrene(Cyrenaica),Cyrene (Cyrenaica),1
Cyrrhus,Cyrrhus,1
Cyzicus,Cyzicus,1
Cyzicus?,Cyzicus?,1
Daldis,Daldis,1
Damascus,Damascus,1
Damascus?,Damascus?,1
Dardanus,Dardanus,1
Delos,Delos,1
Delphi,Delphi,1
Deultum,Deultum,1
Dia(Bithynia),Dia (Bithynia),1
Diocaesarea,Diocaesarea,1
Diocaesaria?,Diocaesaria?,1
Dion,Dion,1
Dionysopolis,Dionysopolis,1
Dioshieron(Lydia),Dioshieron (Lydia),1
Doliche,Doliche,1
Dora,Dora,1
Dora?,Dora?,1
Dura-Europos,Dura-Europos,1
Dyrrhachion,Dyrrhachion,1
Dyrrhacium,Dyrrhacium,1
EasternEurope,Eastern Europe,1
EasternMint,Eastern Mint,1
Ebora,Ebora,1
Ebusus,Ebusus,1
Ecbatana,Ecbatana,1
Ecbatana?,Ecbatana?,1
Edessa,Edessa,1
Egypt,Egypt,1
Elaea(Aeolis),Elaea (Aeolis),1
Elaia(Aeolis),Elaia (Aeolis),1
Elaia(Aiolis),Elaia (Aiolis),1
Elaiussa,Elaiussa,1
Elis,Elis,1
Elymais(Elam,Susiana),Elymais (Elam, Susiana),1
Emerita,Emerita,1
Emesa,Emesa,1
Ephesus,Ephesus,1
Ephesus(Ionia),Ephesus (Ionia),1
Ephesus?,Ephesus?,1
Epidauros,Epidauros,1
Epidaurus,Epidaurus,1
Epikteteis(Phrygia),Epikteteis (Phrygia),1
Epiphania,Epiphania,1
Epirus,Epirus,1
Ercavica,Ercavica,1
Eresus(Lesbos),Eresus (Lesbos),1
Eretria,Eretria,1
Eretria(Euboia),Eretria (Euboia),1
Erythrae,Erythrae,1
Erythrai(Ionia),Erythrai (Ionia),1
Esbus?,Esbus?,1
Etenna(Pisidia),Etenna (Pisidia),1
Euboia,Euboia,1
Eucarpeia,Eucarpeia,1
Eucarpeia(Phrygia),Eucarpeia (Phrygia),1
Euesperides,Euesperides,1
Eumeneia,Eumeneia,1
Eumeneia(Phrygia),Eumeneia (Phrygia),1
Flaviopolis,Flaviopolis,1
Gaba,Gaba,1
Gabala,Gabala,1
Gadara,Gadara,1
Galatia,Galatia,1
Gambreion,Gambreion,1
Gargara,Gargara,1
Gaza,Gaza,1
Gaza?,Gaza?,1
Gerasa,Gerasa,1
Gergis,Gergis,1
GermaniciaCaesarea,Germanicia Caesarea,1
Germanikopolis(Paphlagonia),Germanikopolis (Paphlagonia),1
Germe,Germe,1
Germe(Mysia),Germe (Mysia),1
Gomphoi(Thessaly),Gomphoi (Thessaly),1
GordusJulia,Gordus Julia,1
Grimenothyrae?(Phrygia),Grimenothyrae? (Phrygia),1
Gyrton(Thessaly),Gyrton (Thessaly),1
Gytheium,Gytheium,1
Hadrianopolis,Hadrianopolis,1
Halicarnassus,Halicarnassus,1
Halicarnassus(Caria),Halicarnassus (Caria),0
Halos(Thessaly),Halos (Thessaly),1
Harpagion(Caria),Harpagion (Caria),1
Heliopolis,Heliopolis,1
Hephaestia(Lemnos),Hephaestia (Lemnos),1
Hephaistia(Lemnos),Hephaistia (Lemnos),1
Heraclea,Heraclea,1
Heraclea?,Heraclea?,1
Heraea(Arcadia?),Heraea (Arcadia?),1
Heraia(Arkadia),Heraia (Arkadia),1
Hermione,Hermione,1
Hermocapelia,Hermocapelia,1
Hermokapeleia,Hermokapeleia,1
Hermokapelia(Lydia),Hermokapelia (Lydia),1
HermopoliteNome,Hermopolite Nome,1
Hierapolis,Hierapolis,1
HierapolisSebaste,Hierapolis Sebaste,1
Hierocaesarea,Hierocaesarea,1
Hierocaesarea(Lydia),Hierocaesarea (Lydia),1
Hierocaesareia,Hierocaesareia,1
HieropolisCastabala,Hieropolis Castabala,1
HieropolisKastabala,Hieropolis Kastabala,1
Hieropolis-Castabala,Hieropolis-Castabala,1
Histiaea,Histiaea,1
Histiaea(Euboea),Histiaea (Euboea),1
Histiaia(Euboia),Histiaia (Euboia),1
Histria,Histria,1
Hypaepa,Hypaepa,1
Hypaipa(Lydia),Hypaipa (Lydia),1
Hyrcanis,Hyrcanis,1
Iasus(Caria),Iasus (Caria),1
Ieso(Guisona,Lerida),Ieso (Guisona, Lerida),1
Ikalesken(Iniesta,Cuenca),Ikalesken (Iniesta, Cuenca),1
Ilici(Alicante),Ilici (Alicante),1
Ilion(Troas),Ilion (Troas),1
Ilium,Ilium,1
Illium(Troas),Illium (Troas),1
Imbros,Imbros,1
Iolla(Mysia),Iolla (Mysia),1
Ionia,Ionia,1
Iotape,Iotape,1
Ioulis,Ioulis,1
Irippo,Irippo,1
Italica,Italica,1
Jaffa,Jaffa,1
Jerash,Jerash,1
Jerusalem,Jerusalem,1
Jewish,Jewish,1
Joppa,Joppa,1
Judea,Judea,1
Karthaia,Karthaia,1
Karystos(Euboia),Karystos (Euboia),1
Kasai,Kasai,1
Kelse(Zaragoza),Kelse (Zaragoza),1
Keos,Keos,1
Klazomenai(Ionia),Klazomenai (Ionia),1
Kleitor(Arkadia),Kleitor (Arkadia),1
Kleonai,Kleonai,1
Knidos(Karia),Knidos (Karia),1
Knossos,Knossos,1
Koln?,Koln?,1
KonterbiaKarbika(Cuenca),Konterbia Karbika (Cuenca),1
Koressia,Koressia,1
Korkyra(Epirus),Korkyra (Epirus),1
Kos,Kos,1
Kos(Caria),Kos (Caria),1
Kourion?,Kourion?,1
Kragos(Lycia),Kragos (Lycia),1
Kranion(Kephallenia),Kranion (Kephallenia),1
Krannon(Thessaly),Krannon (Thessaly),1
Kremna(Pisidia),Kremna (Pisidia),1
Kroton,Kroton,1
Kyenai(Lycia),Kyenai (Lycia),1
Kyme(Aeolis),Kyme (Aeolis),1
Kyparissia,Kyparissia,1
Kythera,Kythera,1
Kythnos,Kythnos,1
Kyzikos(Mysia),Kyzikos (Mysia),1
Lacedaemon,Lacedaemon,1
Laerte,Laerte,1
Laertes,Laertes,1
Lakedaimon(Laconia),Lakedaimon (Laconia),1
Lakine(Zaragoza),Lakine (Zaragoza),1
Lamia(Thessaly),Lamia (Thessaly),1
Lampascacus,Lampascacus,1
Lampsacus,Lampsacus,1
Lampsacus(Mysia),Lampsacus (Mysia),1
Lampsakos,Lampsakos,1
Lampsakos(Mysia),Lampsakos (Mysia),1
Lampsakos?,Lampsakos?,1
Laodicea(Phrygia),Laodicea (Phrygia),1
LaodiceaadMare,Laodicea ad Mare,1
LaodiceaAdMare,Laodicea Ad Mare,1
LaodiceaadMare?,Laodicea ad Mare?,1
LaodiceaMare,Laodicea Mare,1
Laodicea-ad-Mare,Laodicea-ad-Mare,1
Laodiceia,Laodiceia,1
Laodiceia(Phrygia),Laodiceia (Phrygia),1
Laodicia(Phrygia)andSmyrna(Ionia),Laodicia (Phrygia) and Smyrna (Ionia),1
Laodikeia(Phrygia),Laodikeia (Phrygia),1
Larissa(Thessaly),Larissa (Thessaly),1
LarissaKremaste(Thessaly),Larissa Kremaste (Thessaly),1
Las(Laconia),Las (Laconia),1
Lebedos,Lebedos,1
LepcisMagnus,Lepcis Magnus,1
Lepida-Celsa(Zaragoza),Lepida-Celsa (Zaragoza),1
Leucas,Leucas,1
LeucusontheChrysorhoas,Leucus on the Chrysorhoas,1
Leukas,Leukas,1
Leukas(Akarnania),Leukas (Akarnania),1
Limyra(Lycia),Limyra (Lycia),1
LocriOpuntii,Locri Opuntii,1
Lokris,Lokris,1
Londinium,Londinium,1
London,London,1
Luceria,Luceria,1
Lugdunum,Lugdunum,1
Lugdunum,Lugdunum ,1
Lycia,Lycia,1
LyciaAperlai,Lycia Aperlai,1
Lyon,Lyon,1
Lyon?,Lyon?,1
Lyons,Lyons,1
Lyrbe,Lyrbe,1
Lysimacheia,Lysimacheia,1
Maeonia,Maeonia,1
Magnesia,Magnesia,1
Magnesia(Ionia),Magnesia (Ionia),1
MagnesiaadMaeandrum,Magnesia ad Maeandrum,1
MagnesiaadSipylum,Magnesia ad Sipylum,1
MagnesiaadSipylus,Magnesia ad Sipylus,1
MagnesiaontheMaeander,Magnesia on the Maeander,1
MagnesiaontheMaiandros,Magnesia on the Maiandros,1
Magnesia-ad-Sipylum,Magnesia-ad-Sipylum,1
Magnetes(Thessaly),Magnetes (Thessaly),1
Magydos(Pamphylia),Magydos (Pamphylia),1
Mallus,Mallus,1
Mamertinoi,Mamertinoi,1
Mantinea,Mantinea,1
Mantineae,Mantineae,1
Mantineia(Arkadia),Mantineia (Arkadia),1
Marathus,Marathus,1
Marcianopolis,Marcianopolis,1
Marium,Marium,1
maronea,maronea,1
Maronea,Maronea,1
Maroneia,Maroneia,1
Masikytos(Lycia),Masikytos (Lycia),1
Masinissa(Numidia),Masinissa (Numidia),1
Massalia,Massalia,1
Mastaura,Mastaura,1
Medaba,Medaba,1
Mediolanum,Mediolanum,1
Medon(Akarnania),Medon (Akarnania),1
Megalopolis,Megalopolis,1
Megara,Megara,1
Megara(Megaris),Megara (Megaris),1
Melos,Melos,1
Memphis,Memphis,1
MemphiteNome,Memphite Nome,1
Mertola,Mertola,1
Mesembria,Mesembria,1
Messene,Messene,1
Messene(Messenia),Messene (Messenia),1
Methana,Methana,1
Methymna(Lesbos),Methymna (Lesbos),1
Metropolis,Metropolis,1
Metropolis(Ionia?),Metropolis (Ionia?),1
Milan,Milan,1
Milan?,Milan?,1
Milet(Ionia),Milet (Ionia),1
Miletos,Miletos,1
Miletus,Miletus,1
Miletus(Ionia),Miletus (Ionia),1
Mopsus,Mopsus,1
Mostene,Mostene,1
Mothone,Mothone,1
Murtili,Murtili,1
Mylasa,Mylasa,1
Mylasa(Caria),Mylasa (Caria),1
Myndos,Myndos,1
Myra(Lycia),Myra (Lycia),1
Myrina(Lemnos),Myrina (Lemnos),1
Myrtilis,Myrtilis,1
Mytilene(Lesbos),Mytilene (Lesbos),1
Myus,Myus,1
Nabataea,Nabataea,1
Nabataean,Nabataean,1
NabataeanKingdom,Nabataean Kingdom,1
Nacrasa,Nacrasa,1
Naples,Naples,1
Naxos,Naxos,1
Neandria(Troas),Neandria (Troas),1
Neapolis,Neapolis,1
Neocaesarea,Neocaesarea,1
Neocaesarea(Pontus),Neocaesarea (Pontus),1
Neonteichos?(Aeolis),Neonteichos? (Aeolis),1
Neronias?,Neronias?,1
Nicaea,Nicaea,1
Nicaea(Bithynia),Nicaea (Bithynia),1
Nicomedia,Nicomedia,1
Nicomedia(Bithynia),Nicomedia (Bithynia),1
Nicomedia?,Nicomedia?,1
Nicopolis,Nicopolis,1
NicopolisadIstrum,Nicopolis ad Istrum,1
Nikaia(Bithynia),Nikaia (Bithynia),1
Nikopolis(Epirus),Nikopolis (Epirus),1
Nimes,Nimes,1
Nisa,Nisa,1
Nisibis,Nisibis,1
Numidia,Numidia,1
Nysa,Nysa,1
Nysa(Lydia),Nysa (Lydia),1
Nysa-Scythopolis,Nysa-Scythopolis,1
Obulco(Porcuna),Obulco (Porcuna),1
Obulco-Castulo,Obulco-Castulo,1
Ococleia(Phrygia),Ococleia (Phrygia),1
Odessus,Odessus,1
Oeniadae,Oeniadae,1
Olbasa(Pisidia),Olbasa (Pisidia),1
Olbia,Olbia,1
Olbia?,Olbia?,1
Olynthos,Olynthos,1
Orchomenos,Orchomenos,1
Orchomenos(Boetia),Orchomenos (Boetia),1
Orchomenus,Orchomenus,1
Orchomenus(Boetia),Orchomenus (Boetia),1
Orthosia,Orthosia,1
Osca(Huesca),Osca (Huesca),1
Ostia,Ostia,1
Otrus(Phrygia),Otrus (Phrygia),1
Ouranopolis,Ouranopolis,1
OxyrhynchiteNome,Oxyrhynchite Nome,1
Paestum,Paestum,1
Pagai(Megaris),Pagai (Megaris),1
Palestine,Palestine,1
Pallantium,Pallantium,1
Palmyra,Palmyra,1
Paneas,Paneas,1
Paneas?,Paneas?,1
Panormus,Panormus,1
Panticapaeum(Bosporus),Panticapaeum (Bosporus),1
Pantikapaion,Pantikapaion ,1
Paphos,Paphos,1
Paphos?,Paphos?,1
Parion(Mysia),Parion (Mysia),1
Parium,Parium,1
Parium(Mysia),Parium (Mysia),1
Paros,Paros,1
Patara,Patara,1
Patrae,Patrae,1
Patrai(Achaea),Patrai (Achaea),1
Pautalia,Pautalia,1
Pella,Pella,1
Pella?,Pella?,1
Pellene,Pellene,1
Pellene(Achaea),Pellene (Achaea),1
Peltae,Peltae,1
Peltai(Phrygia),Peltai (Phrygia),1
Peparethos(Thessaly),Peparethos (Thessaly),1
Peparethus,Peparethus,1
Perga(LyciaandPamphylia),Perga (Lycia and Pamphylia),1
Pergamon,Pergamon,1
Pergamum,Pergamum,1
Perge,Perge,1
Perge(Pamphylia),Perge (Pamphylia),1
Perinthos,Perinthos,1
Perinthus,Perinthus,1
Perperene,Perperene,1
Persia,Persia,1
Pessinus,Pessinus,1
Petra,Petra,1
Phalanna(Thessaly),Phalanna (Thessaly),1
Phanagoria,Phanagoria,1
PharbaetiteNome,Pharbaetite Nome,1
Pharsalos(Thessaly),Pharsalos (Thessaly),1
Phaselis(Lycia),Phaselis (Lycia),1
Phellos(Lycia),Phellos (Lycia),1
Pheneos,Pheneos,1
Pheneus,Pheneus,1
Phigaleia,Phigaleia,1
Philadelphia,Philadelphia,1
Philious(Philiasia),Philious (Philiasia),1
Philippi,Philippi,1
Philippoi,Philippoi,1
Philippopolis,Philippopolis,1
Philus,Philus,1
Phlius,Phlius,1
Phocaea,Phocaea,1
Phokaia,Phokaia,1
Phokis,Phokis,1
PhthenoteNome,Phthenote Nome,1
Pitane,Pitane,1
Plakia(Mysia),Plakia (Mysia),1
Pontus,Pontus,1
Posidonia,Posidonia,0
Priene,Priene,1
Priene?,Priene?,1
Prostanna(Pisidia),Prostanna (Pisidia),1
PrusaadOlympum,Prusa ad Olympum,1
PrusiasadHypium,Prusias ad Hypium,1
Prymnessus(Phrygia),Prymnessus (Phrygia),1
Psophis?(Arcadia),Psophis? (Arcadia),1
Ptolemaic,Ptolemaic,1
Ptolemais,Ptolemais,1
Ptolemais-Ake,Ptolemais-Ake,1
Ptolemais?,Ptolemais?,1
Punic,Punic,1
Pylus,Pylus,1
Rabbathmoba,Rabbathmoba,1
Raphanea?,Raphanea?,1
Raphia,Raphia,1
Ravenna,Ravenna,1
Rhegion,Rhegion,1
Rhegium,Rhegium,1
Rhesaena,Rhesaena,1
Rhodes,Rhodes,1
Rhodes(Caria),Rhodes (Caria),1
Rome,Rome,1
Rome,Rome ,1
Rome?,Rome?,1
Rome?,Rome? ,1
Rotomagus,Rotomagus,1
Rouen-Amiens,Rouen-Amiens,1
Sabratha,Sabratha,1
Sagalassos,Sagalassos,1
Sagalassos?,Sagalassos?,1
Sagalossos(Pisidia),Sagalossos (Pisidia),1
Saitta,Saitta,1
Sala,Sala,1
Salacia,Salacia,1
Salamis,Salamis,1
Salamis(Attica),Salamis (Attica),1
Salamis?,Salamis?,1
Samaria,Samaria,1
Samaria(Sebaste),Samaria (Sebaste),1
Samaria-Sebaste,Samaria-Sebaste,1
SamoEasternEurope,SamoEastern Europe,1
Samos,Samos,1
Samos(Ionia),Samos (Ionia),1
Samosata,Samosata,1
Samosata?,Samosata?,1
Sardes(Lydia),Sardes (Lydia),1
Sardinia,Sardinia,1
Sardis,Sardis,1
Sardis(Lydia),Sardis (Lydia),1
Scamandria,Scamandria,1
Scepsis,Scepsis,1
Sebaste,Sebaste,1
Sebaste(Phrygia),Sebaste (Phrygia),1
Sebaste(Samaria?),Sebaste (Samaria?),1
Sebastopolis-Heracleopolis,Sebastopolis-Heracleopolis,1
Sebastopolis/Heracleopolis(Pontus),Sebastopolis/Heracleopolis (Pontus),1
Segobriga,Segobriga,1
Segobriga(Cuenca),Segobriga (Cuenca),1
Segobriga?(Cuenca),Segobriga? (Cuenca),1
Sekaisa(Zaragoza),Sekaisa (Zaragoza),1
SeleuciaadCalycadnum,Seleucia ad Calycadnum,1
SeleuciaCalycadnum,Seleucia Calycadnum,1
SeleuciaontheKalykadnos,Seleucia on the Kalykadnos,1
SeleuciaontheTigris,Seleucia on the Tigris,1
SeleuciaPieria,Seleucia Pieria,1
SeleuciaPieria?,Seleucia Pieria?,1
SeleuciaTigris,Seleucia Tigris,1
Seleucia?,Seleucia?,1
Seleucis?,Seleucis?,1
Selge,Selge,1
Selge(Pisidia),Selge (Pisidia),1
Sepphoris,Sepphoris,1
Sepphoris-Diocaesarea,Sepphoris-Diocaesarea,1
Serdica,Serdica,1
Sestos(Chersonese),Sestos (Chersonese),1
Sicyon,Sicyon,1
Side,Side,1
Side(Pamphylia),Side (Pamphylia),1
Sidon,Sidon,1
Sidon?,Sidon?,1
Sigeum,Sigeum,1
Sikyon(Sikyonia),Sikyon (Sikyonia),1
Silandus,Silandus,1
Sillyon,Sillyon,1
Sillyon(Pamphylia),Sillyon (Pamphylia),1
Singara,Singara,1
Sinope,Sinope,1
Sinope(Paphlagonia),Sinope (Paphlagonia),1
Sinope(Pontus),Sinope (Pontus),1
Sirmium,Sirmium,1
Sirmium?,Sirmium?,1
Siscia,Siscia,1
Siscia?,Siscia?,1
Skepsis(Troas),Skepsis (Troas),1
Skione,Skione,1
Skodra,Skodra,1
Smyrna,Smyrna,1
Smyrna(Ionia),Smyrna (Ionia),1
Soli,Soli,1
Soli-Pompeiopolis,Soli-Pompeiopolis,1
Soloi-Pompeiopolis,Soloi-Pompeiopolis,1
Spain,Spain,1
SpasinouCharax(Characene),Spasinou Charax (Characene),1
Stratonicea,Stratonicea,1
Stratoniceia,Stratoniceia,1
Stratonikeia,Stratonikeia,1
SuessaAurunca,Suessa Aurunca,1
Susa,Susa,1
Syedra,Syedra,1
Synaus,Synaus,1
Synaus(Phrygia),Synaus (Phrygia),1
Synnada,Synnada,1
Synnada(Phrygia),Synnada (Phrygia),1
Syracuse,Syracuse,1
Syrinx(Hyrcania),Syrinx (Hyrcania),1
Syros,Syros,1
Tabai,Tabai,1
Tanagra,Tanagra,1
Tanagra(Boetia),Tanagra (Boetia),1
Tarraco,Tarraco,1
Tarragona,Tarragona,1
Tarsus,Tarsus,1
Tarsus?,Tarsus?,1
Tavium(Galatia),Tavium (Galatia),1
Tegea,Tegea,1
Temenothyrae(Phrygia),Temenothyrae (Phrygia),1
Temnos(Aeolis),Temnos (Aeolis),1
Tenea,Tenea,1
Tenedos(Troas),Tenedos (Troas),1
Tenos,Tenos,1
Teos,Teos,1
Termessos,Termessos,1
Termessos(Pisidia),Termessos (Pisidia),1
Thasos,Thasos,1
Thebes,Thebes,1
Thebes(Boetia),Thebes (Boetia),1
Thelpusa,Thelpusa,1
Themisonium(Phrygia),Themisonium (Phrygia),1
Thespiae,Thespiae,1
Thespiai(Boetia),Thespiai (Boetia),1
Thessalonica,Thessalonica,1
Thouria,Thouria,1
Thuria,Thuria,1
Thyatira,Thyatira,1
Thyrrheion(Akarnania),Thyrrheion (Akarnania),1
Tiberias,Tiberias,1
Ticinium,Ticinium,1
Ticinum,Ticinum,1
Tmolus,Tmolus,1
Tomis,Tomis,1
Traianopolis(Phrygia),Traianopolis (Phrygia),1
Tralles,Tralles,1
Tralles(Lydia),Tralles (Lydia),1
Trapezus(Pontus),Trapezus (Pontus),1
Treveri,Treveri,1
Treves,Treves,1
Trier,Trier,1
Trier?,Trier?,1
Trinovantes,Trinovantes,1
Tripolis,Tripolis,1
Tripolis(Phrygia),Tripolis (Phrygia),1
Tripolis?,Tripolis?,1
Troezen,Troezen,1
Troezene,Troezene,1
Troizen,Troizen,1
Turiaso,Turiaso,1
Turiaso(Zaragoza),Turiaso (Zaragoza),1
Tyana,Tyana,1
Tyre,Tyre,1
Tyre?,Tyre?,1
Ulia,Ulia,1
Umbria,Umbria,1
uncertain,uncertain,1
uncertain(Epirus),uncertain (Epirus),1
uncertain(Thessaly),uncertain (Thessaly),1
uncertain?,uncertain?,1
Velia,Velia,1
Viminacium,Viminacium,1
Zacynthus,Zacynthus,1
Zakynthos,Zakynthos,1
Zela(Pontus),Zela (Pontus),1
Zephyrium,Zephyrium,1
Zeugma,Zeugma,1
Zeugma(Commagene),Zeugma (Commagene),1
Zitha(Tripolitania),Zitha (Tripolitania),1
AinSinu,Ain Sinu,1
Andriake(Myra),Andriake (Myra),1
Antioch/Seleucia,Antioch/Seleucia,1
Arsameia,Arsameia,1
Bath,Bath,1
Bethsaida,Bethsaida,1
Cankirikapi,Cankirikapi,1
Conimbriga,Conimbriga,1
DuraEuropos,Dura Europos,1
ElaiussaSebaste,Elaiussa Sebaste,1
En-Gedi,En-Gedi,1
Gindaros,Gindaros,1
Haltonchesters,Haltonchesters,1
Hama,Hama,1
Horvat'Eleq,Horvat 'Eleq,1
Idanha-a-Velha,Idanha-a-Velha,1
JebelKhallid,Jebel Khallid,1
Karanis,Karanis,1
Kourion,Kourion,1
Masada,Masada,1
Minturnae,Minturnae,1
Nessana,Nessana,1
Niksar,Niksar,1
Nimrud,Nimrud,1
Ordona,Ordona,1
OummEl'Marra,Oumm El'Marra,1
Perrhe,Perrhe,1
QiryatSefer,Qiryat Sefer,1
Raphanea,Raphanea,1
RasShamra,Ras Shamra,1
Saqqara,Saqqara,1
Si(Hauran),Si (Hauran),1
Silchester,Silchester,1
TallSheHamad/Magdalu,Tall She Hamad/Magdalu,1
TelAnafa,Tel Anafa,1
TelBeth-Shean,Tel Beth-Shean,1
TelJezreel,Tel Jezreel,1
TellabouDanne,Tell abou Danne,1
TellBarri,Tell Barri,1
TellelHajj,Tell el Hajj,1
TellRifa'at,Tell Rifa'at,1
Tille,Tille,1
Troy,Troy,1
YüceörenTepesi,Yüceören Tepesi,1
